"year","category","region","ct","source"
1950,"brown","N",1306.37980239167,"Silva"
1950,"brown","NE",155.160095858683,"Silva"
1950,"pink","S",1687.53672883134,"Silva"
1950,"pink","SE",470.252542196234,"Silva"
1950,"seabob","N",2221.42858162359,"Silva"
1950,"seabob","NE",1351.28158011564,"Silva"
1950,"seabob","S",1383.50744912473,"Silva"
1950,"seabob","SE",2047.85286967052,"Silva"
1950,"white","N",2637.09304078305,"Silva"
1950,"white","NE",158.461950509803,"Silva"
1950,"white","S",215.714367341074,"Silva"
1950,"white","SE",273.229457034115,"Silva"
1951,"brown","N",687.115545811601,"Silva"
1951,"brown","NE",153.872748107205,"Silva"
1951,"pink","S",1735.28287040419,"Silva"
1951,"pink","SE",332.103472588847,"Silva"
1951,"seabob","N",1975.88153151438,"Silva"
1951,"seabob","NE",2025.04213209833,"Silva"
1951,"seabob","S",2129.9515269016,"Silva"
1951,"seabob","SE",2361.23981772908,"Silva"
1951,"white","N",2362.75431180253,"Silva"
1951,"white","NE",175.700928151996,"Silva"
1951,"white","S",171.320989055161,"Silva"
1951,"white","SE",281.506625909356,"Silva"
1952,"brown","N",663.420280776761,"Silva"
1952,"brown","NE",165.961211991545,"Silva"
1952,"pink","S",2297.59152264589,"Silva"
1952,"pink","SE",526.76653088701,"Silva"
1952,"seabob","N",2075.94456942354,"Silva"
1952,"seabob","NE",2128.42611072352,"Silva"
1952,"seabob","S",2222.05332881984,"Silva"
1952,"seabob","SE",2263.75185017695,"Silva"
1952,"white","N",2468.04860643017,"Silva"
1952,"white","NE",141.844556207338,"Silva"
1952,"white","S",168.857374767246,"Silva"
1952,"white","SE",276.951652331245,"Silva"
1953,"brown","N",517.58111632224,"Silva"
1953,"brown","NE",164.514443566375,"Silva"
1953,"pink","S",1295.46028382121,"Silva"
1953,"pink","SE",439.844838885868,"Silva"
1953,"seabob","N",1467.55788353516,"Silva"
1953,"seabob","NE",1373.19868617974,"Silva"
1953,"seabob","S",1661.445150892,"Silva"
1953,"seabob","SE",2215.33503459611,"Silva"
1953,"white","N",2324.03408216781,"Silva"
1953,"white","NE",170.691689647536,"Silva"
1953,"white","S",163.600049850017,"Silva"
1953,"white","SE",258.509779568977,"Silva"
1954,"brown","N",250.89201451774,"Silva"
1954,"brown","NE",161.626879865546,"Silva"
1954,"pink","S",2153.01675411602,"Silva"
1954,"pink","SE",427.172343412973,"Silva"
1954,"seabob","N",1423.79801078127,"Silva"
1954,"seabob","NE",392.417730815593,"Silva"
1954,"seabob","S",1929.07134578913,"Silva"
1954,"seabob","SE",2393.08994037616,"Silva"
1954,"white","N",2095.51005994099,"Silva"
1954,"white","NE",127.954490196314,"Silva"
1954,"white","S",202.808993032793,"Silva"
1954,"white","SE",268.470452808319,"Silva"
1955,"brown","N",280.114186066439,"Silva"
1955,"brown","NE",170.460842665578,"Silva"
1955,"pink","S",2429.21169740863,"Silva"
1955,"pink","SE",469.284345314298,"Silva"
1955,"seabob","N",1585.48394300404,"Silva"
1955,"seabob","NE",483.227912640274,"Silva"
1955,"seabob","S",2034.5735186606,"Silva"
1955,"seabob","SE",2260.80724934377,"Silva"
1955,"white","N",2218.05114193434,"Silva"
1955,"white","NE",201.915738302512,"Silva"
1955,"white","S",228.298281138043,"Silva"
1955,"white","SE",312.842417597065,"Silva"
1956,"brown","N",1171.95951460228,"Silva"
1956,"brown","NE",122.153024657992,"Silva"
1956,"pink","S",1938.17974820164,"Silva"
1956,"pink","SE",446.429862919618,"Silva"
1956,"seabob","N",1205.18030279595,"Silva"
1956,"seabob","NE",218.52995514275,"Silva"
1956,"seabob","S",3330.70246804587,"Silva"
1956,"seabob","SE",1413.95613260195,"Silva"
1956,"white","N",2133.78647395647,"Silva"
1956,"white","NE",105.339892692731,"Silva"
1956,"white","S",345.724955251426,"Silva"
1956,"white","SE",127.219494876021,"Silva"
1957,"brown","N",641.723722815763,"Silva"
1957,"brown","NE",138.369799283806,"Silva"
1957,"pink","S",3685.89022162216,"Silva"
1957,"pink","SE",341.460314276585,"Silva"
1957,"seabob","N",1954.90599883272,"Silva"
1957,"seabob","NE",437.961351867412,"Silva"
1957,"seabob","S",3277.31884401885,"Silva"
1957,"seabob","SE",1279.22317971261,"Silva"
1957,"white","N",2493.6170090992,"Silva"
1957,"white","NE",128.758249509431,"Silva"
1957,"white","S",414.69680824271,"Silva"
1957,"white","SE",117.516746109895,"Silva"
1958,"brown","N",491.079029759556,"Silva"
1958,"brown","NE",171.773165747894,"Silva"
1958,"pink","S",2976.64952511808,"Silva"
1958,"pink","SE",313.609907250047,"Silva"
1958,"seabob","N",2143.04954161397,"Silva"
1958,"seabob","NE",507.608392830503,"Silva"
1958,"seabob","S",2854.94895572563,"Silva"
1958,"seabob","SE",1005.77531220353,"Silva"
1958,"white","N",2779.07909298618,"Silva"
1958,"white","NE",138.321290082521,"Silva"
1958,"white","S",403.821800578073,"Silva"
1958,"white","SE",135.951538310116,"Silva"
1959,"brown","N",321.16814481221,"Silva"
1959,"brown","NE",183.166789541298,"Silva"
1959,"pink","S",1413.10442104614,"Silva"
1959,"pink","SE",695.733508877019,"Silva"
1959,"seabob","N",1912.93522569802,"Silva"
1959,"seabob","NE",425.497059164782,"Silva"
1959,"seabob","S",2882.53057671234,"Silva"
1959,"seabob","SE",2180.06254825802,"Silva"
1959,"white","N",2678.57462518755,"Silva"
1959,"white","NE",166.523403742864,"Silva"
1959,"white","S",255.820099855289,"Silva"
1959,"white","SE",238.236693193904,"Silva"
1960,"brown","N",1037.43280213522,"Silva"
1960,"brown","NE",174.902031413914,"Silva"
1960,"pink","S",3468.7917146712,"Silva"
1960,"pink","SE",844.381509687517,"Silva"
1960,"seabob","N",1942.73996348641,"Silva"
1960,"seabob","NE",228.607882953074,"Silva"
1960,"seabob","S",2610.75694983048,"Silva"
1960,"seabob","SE",2455.6811889812,"Silva"
1960,"white","N",2773.78040743593,"Silva"
1960,"white","NE",152.546358637324,"Silva"
1960,"white","S",504.536010032828,"Silva"
1960,"white","SE",193.086841571317,"Silva"
1961,"brown","N",1668.07425580995,"Silva"
1961,"brown","NE",275.036155038259,"Silva"
1961,"pink","S",2984.46909778931,"Silva"
1961,"pink","SE",803.252524569585,"Silva"
1961,"seabob","N",2995.34602004706,"Silva"
1961,"seabob","NE",1082.45533424767,"Silva"
1961,"seabob","S",3370.14496788816,"Silva"
1961,"seabob","SE",3959.85516408464,"Silva"
1961,"white","N",3395.30578418601,"Silva"
1961,"white","NE",305.531456632469,"Silva"
1961,"white","S",606.249547964647,"Silva"
1961,"white","SE",482.894760433833,"Silva"
1962,"brown","N",185.542222398833,"Silva"
1962,"brown","NE",138.870706068932,"Silva"
1962,"pink","S",4338.04805958249,"Silva"
1962,"pink","SE",853.179994325892,"Silva"
1962,"seabob","N",3898.12240900803,"Silva"
1962,"seabob","NE",461.390320482181,"Silva"
1962,"seabob","S",6941.18785583385,"Silva"
1962,"seabob","SE",2833.28203331853,"Silva"
1962,"white","N",3335.13280191654,"Silva"
1962,"white","NE",92.4596635148122,"Silva"
1962,"white","S",779.126761722989,"Silva"
1962,"white","SE",239.893075493717,"Silva"
1963,"brown","N",765.401310880165,"Silva"
1963,"brown","NE",159.843353580077,"Silva"
1963,"pink","S",4819.36406458542,"Silva"
1963,"pink","SE",649.117853283712,"Silva"
1963,"seabob","N",2299.08915971677,"Silva"
1963,"seabob","NE",390.277724685528,"Silva"
1963,"seabob","S",9686.54104583406,"Silva"
1963,"seabob","SE",2953.64822839682,"Silva"
1963,"white","N",2807.34268323117,"Silva"
1963,"white","NE",85.0317911113216,"Silva"
1963,"white","S",821.980120549345,"Silva"
1963,"white","SE",384.48766204638,"Silva"
1964,"brown","N",1302.85902585062,"Silva"
1964,"brown","NE",144.356251106733,"Silva"
1964,"pink","S",1613.09380073134,"Silva"
1964,"pink","SE",1187.07555528335,"Silva"
1964,"seabob","N",1042.27410074577,"Silva"
1964,"seabob","NE",116.821517149999,"Silva"
1964,"seabob","S",6266.11241035419,"Silva"
1964,"seabob","SE",3510.37324779385,"Silva"
1964,"white","N",2195.70632097395,"Silva"
1964,"white","NE",82.4660972660342,"Silva"
1964,"white","S",654.975576796994,"Silva"
1964,"white","SE",251.900214101033,"Silva"
1965,"brown","N",1421.44433591037,"Silva"
1965,"brown","NE",270.003282346644,"Silva"
1965,"pink","S",4019.02469621282,"Silva"
1965,"pink","SE",566.816699805232,"Silva"
1965,"seabob","N",2460.42666410124,"Silva"
1965,"seabob","NE",756.844528741208,"Silva"
1965,"seabob","S",5940.77257714841,"Silva"
1965,"seabob","SE",5676.61156851296,"Silva"
1965,"white","N",3296.7452196894,"Silva"
1965,"white","NE",196.927583242821,"Silva"
1965,"white","S",1025.1243674739,"Silva"
1965,"white","SE",2714.12627002687,"Silva"
1966,"brown","N",1222.69072157623,"Silva"
1966,"brown","NE",163.923781368059,"Silva"
1966,"pink","S",3084.86733895281,"Silva"
1966,"pink","SE",1053.92191409149,"Silva"
1966,"seabob","N",3473.1424084181,"Silva"
1966,"seabob","NE",468.43368072361,"Silva"
1966,"seabob","S",8339.00240568743,"Silva"
1966,"seabob","SE",3583.78635956141,"Silva"
1966,"white","N",3782.71062596461,"Silva"
1966,"white","NE",87.7377050467803,"Silva"
1966,"white","S",988.056055120484,"Silva"
1966,"white","SE",285.646079262056,"Silva"
1967,"brown","N",2445.44363665392,"Silva"
1967,"brown","NE",174.482436281337,"Silva"
1967,"pink","S",2554.71841305668,"Silva"
1967,"pink","SE",1304.43550517467,"Silva"
1967,"seabob","N",2994.60435867132,"Silva"
1967,"seabob","NE",191.475011532759,"Silva"
1967,"seabob","S",8010.71632038557,"Silva"
1967,"seabob","SE",4233.79984589781,"Silva"
1967,"white","N",3517.99737383471,"Silva"
1967,"white","NE",102.22931618168,"Silva"
1967,"white","S",994.937951226122,"Silva"
1967,"white","SE",393.393674377352,"Silva"
1968,"brown","N",2219.90225842045,"Silva"
1968,"brown","NE",163.069319851888,"Silva"
1968,"pink","S",8096.03238684229,"Silva"
1968,"pink","SE",1820.81678225388,"Silva"
1968,"seabob","N",2893.44328071146,"Silva"
1968,"seabob","NE",350.311747112196,"Silva"
1968,"seabob","S",6866.60826702066,"Silva"
1968,"seabob","SE",7516.21723402634,"Silva"
1968,"white","N",3481.64994930762,"Silva"
1968,"white","NE",98.5936158305046,"Silva"
1968,"white","S",1214.21731850911,"Silva"
1968,"white","SE",1090.69426308319,"Silva"
1969,"brown","N",1848.29763747015,"Silva"
1969,"brown","NE",272.003605706811,"Silva"
1969,"pink","S",6746.93285512787,"Silva"
1969,"pink","SE",1829.37826089441,"Silva"
1969,"seabob","N",3202.62764544922,"Silva"
1969,"seabob","NE",542.227270087379,"Silva"
1969,"seabob","S",8502.95133234169,"Silva"
1969,"seabob","SE",6762.15239356325,"Silva"
1969,"white","N",3719.45208461008,"Silva"
1969,"white","NE",334.146213850572,"Silva"
1969,"white","S",1067.18170384753,"Silva"
1969,"white","SE",674.908212153791,"Silva"
1970,"brown","N",1756.86842817724,"Silva"
1970,"brown","NE",329.864150869398,"Silva"
1970,"pink","S",6401.87807304718,"Silva"
1970,"pink","SE",2020.19318892725,"Silva"
1970,"seabob","N",2232.95918149183,"Silva"
1970,"seabob","NE",588.881964633968,"Silva"
1970,"seabob","S",8487.8519426526,"Silva"
1970,"seabob","SE",6298.28193159343,"Silva"
1970,"white","N",3417.57015097082,"Silva"
1970,"white","NE",478.151245238833,"Silva"
1970,"white","S",1223.96041300303,"Silva"
1970,"white","SE",795.406041587663,"Silva"
1971,"brown","N",1594.84573105668,"Silva"
1971,"brown","NE",282.471573198193,"Silva"
1971,"pink","S",9432.49697722505,"Silva"
1971,"pink","SE",2436.61761282323,"Silva"
1971,"seabob","N",1870.01182979909,"Silva"
1971,"seabob","NE",1194.90094733024,"Silva"
1971,"seabob","S",8489.98093266936,"Silva"
1971,"seabob","SE",8022.25610119724,"Silva"
1971,"white","N",2708.00274611728,"Silva"
1971,"white","NE",477.358551440229,"Silva"
1971,"white","S",1273.75305803931,"Silva"
1971,"white","SE",872.450252661718,"Silva"
1972,"brown","N",2816.66825748665,"Silva"
1972,"brown","NE",301.111904202561,"Silva"
1972,"pink","S",9743.49094802199,"Silva"
1972,"pink","SE",3166.22854036443,"Silva"
1972,"seabob","N",1523.99893754807,"Silva"
1972,"seabob","NE",616.276001108185,"Silva"
1972,"seabob","S",10939.4284829712,"Silva"
1972,"seabob","SE",10805.3050851169,"Silva"
1972,"white","N",2893.39278893791,"Silva"
1972,"white","NE",355.897432149581,"Silva"
1972,"white","S",1611.7991641905,"Silva"
1972,"white","SE",1277.03374651355,"Silva"
1973,"brown","N",2221.62936534191,"Silva"
1973,"brown","NE",376.936130662892,"Silva"
1973,"pink","S",2039.34478787019,"Silva"
1973,"pink","SE",1804.04967989972,"Silva"
1973,"seabob","N",1661.51968938563,"Silva"
1973,"seabob","NE",416.270518274779,"Silva"
1973,"seabob","S",7158.05497267648,"Silva"
1973,"seabob","SE",9010.4169811415,"Silva"
1973,"white","N",2935.35473430853,"Silva"
1973,"white","NE",410.094512345139,"Silva"
1973,"white","S",866.755762578256,"Silva"
1973,"white","SE",1415.13242892143,"Silva"
1974,"brown","N",1190.40581600981,"Silva"
1974,"brown","NE",228.119743488561,"Silva"
1974,"pink","S",4911.81064910682,"Silva"
1974,"pink","SE",1733.09370331476,"Silva"
1974,"seabob","N",1419.35803496791,"Silva"
1974,"seabob","NE",1156.75673630958,"Silva"
1974,"seabob","S",5837.88442168287,"Silva"
1974,"seabob","SE",7438.56000519608,"Silva"
1974,"white","N",2206.9544919482,"Silva"
1974,"white","NE",365.027981883589,"Silva"
1974,"white","S",967.580233401839,"Silva"
1974,"white","SE",661.488890035693,"Silva"
1975,"brown","N",742.771404019566,"Silva"
1975,"brown","NE",242.83583823721,"Silva"
1975,"pink","S",3127.41942507234,"Silva"
1975,"pink","SE",2253.55801190801,"Silva"
1975,"seabob","N",2037.31105502091,"Silva"
1975,"seabob","NE",629.665876036979,"Silva"
1975,"seabob","S",9262.09547643665,"Silva"
1975,"seabob","SE",9477.01153226302,"Silva"
1975,"white","N",2788.6449972326,"Silva"
1975,"white","NE",161.888715193089,"Silva"
1975,"white","S",949.388912225439,"Silva"
1975,"white","SE",1403.97696742199,"Silva"
1976,"brown","N",3943.76039698227,"Silva"
1976,"brown","NE",207.136862512781,"Silva"
1976,"pink","S",3723.42102986228,"Silva"
1976,"pink","SE",2403.16196653372,"Silva"
1976,"seabob","N",2214.56153202933,"Silva"
1976,"seabob","NE",864.940508212782,"Silva"
1976,"seabob","S",9138.15601938526,"Silva"
1976,"seabob","SE",8309.86474861396,"Silva"
1976,"white","N",3111.25809309464,"Silva"
1976,"white","NE",153.682886704986,"Silva"
1976,"white","S",866.93935829995,"Silva"
1976,"white","SE",660.63980980708,"Silva"
1977,"brown","N",2019.55952619055,"Silva"
1977,"brown","NE",266.994573660051,"Silva"
1977,"pink","S",4123.90699072688,"Silva"
1977,"pink","SE",2646.71992570186,"Silva"
1977,"seabob","N",2552.92768038887,"Silva"
1977,"seabob","NE",478.919208533148,"Silva"
1977,"seabob","S",9826.9735470603,"Silva"
1977,"seabob","SE",11720.9175202468,"Silva"
1977,"white","N",3410.20815790279,"Silva"
1977,"white","NE",150.341572752922,"Silva"
1977,"white","S",1355.98931330727,"Silva"
1977,"white","SE",1140.21156227143,"Silva"
1978,"brown","N",1655.46023205686,"Silva"
1978,"brown","NE",379.849432982811,"Silva"
1978,"pink","S",8963.94698315263,"Silva"
1978,"pink","SE",1845.09004952022,"Silva"
1978,"seabob","N",2303.44467555247,"Silva"
1978,"seabob","NE",675.284287755728,"Silva"
1978,"seabob","S",6276.0850836817,"Silva"
1978,"seabob","SE",9782.5363663261,"Silva"
1978,"white","N",3596.62683767931,"Silva"
1978,"white","NE",158.144216963234,"Silva"
1978,"white","S",1493.87482337119,"Silva"
1978,"white","SE",3335.27944728047,"Silva"
1979,"brown","N",2330.05256565119,"Silva"
1979,"brown","NE",325.663771011957,"Silva"
1979,"pink","S",14992.4780373504,"Silva"
1979,"pink","SE",1729.15499385351,"Silva"
1979,"seabob","N",2084.9932361311,"Silva"
1979,"seabob","NE",991.623228645407,"Silva"
1979,"seabob","S",7306.02689448486,"Silva"
1979,"seabob","SE",7194.97442138265,"Silva"
1979,"white","N",3379.26068427221,"Silva"
1979,"white","NE",208.445733070326,"Silva"
1979,"white","S",1880.65095645308,"Silva"
1979,"white","SE",2848.48246862554,"Silva"
1980,"brown","N",2558.50724407829,"Silva"
1980,"brown","NE",392.402477430048,"Silva"
1980,"pink","S",4350.64870273687,"Silva"
1980,"pink","SE",1827.4648624847,"Silva"
1980,"seabob","N",2625.33866821241,"Silva"
1980,"seabob","NE",850.392806080374,"Silva"
1980,"seabob","S",7359.64957427353,"Silva"
1980,"seabob","SE",7825.38668235665,"Silva"
1980,"white","N",3465.78441464098,"Silva"
1980,"white","NE",314.933094494648,"Silva"
1980,"white","S",1014.00168727874,"Silva"
1980,"white","SE",834.12246262196,"Silva"
1981,"brown","N",2235.38942883752,"Silva"
1981,"brown","NE",483.659400703592,"Silva"
1981,"pink","S",1952.94004272945,"Silva"
1981,"pink","SE",1598.0188009585,"Silva"
1981,"seabob","N",2463.27255738126,"Silva"
1981,"seabob","NE",977.648952176853,"Silva"
1981,"seabob","S",5137.40867722522,"Silva"
1981,"seabob","SE",7251.47740918851,"Silva"
1981,"white","N",3571.30118969343,"Silva"
1981,"white","NE",487.620654291749,"Silva"
1981,"white","S",646.35128780143,"Silva"
1981,"white","SE",718.055383744904,"Silva"
1982,"brown","N",1032.70413959706,"Silva"
1982,"brown","NE",432.101359716417,"Silva"
1982,"pink","S",6120.10585462314,"Silva"
1982,"pink","SE",1539.51482501137,"Silva"
1982,"seabob","N",2884.84262250239,"Silva"
1982,"seabob","NE",872.701082298388,"Silva"
1982,"seabob","S",7192.27601001885,"Silva"
1982,"seabob","SE",5850.91366961246,"Silva"
1982,"white","N",3337.52581903835,"Silva"
1982,"white","NE",399.98308247014,"Silva"
1982,"white","S",1279.57999786684,"Silva"
1982,"white","SE",732.601431486408,"Silva"
1983,"brown","N",749.299675297272,"Silva"
1983,"brown","NE",519.654500530277,"Silva"
1983,"pink","S",3907.30202514347,"Silva"
1983,"pink","SE",2534.1093495043,"Silva"
1983,"seabob","N",2272.17093457644,"Silva"
1983,"seabob","NE",573.045905372894,"Silva"
1983,"seabob","S",5410.60813991499,"Silva"
1983,"seabob","SE",7503.159595398,"Silva"
1983,"white","N",3207.81303730746,"Silva"
1983,"white","NE",306.341840167033,"Silva"
1983,"white","S",875.91364407976,"Silva"
1983,"white","SE",507.267133496027,"Silva"
1984,"brown","N",3043.75834003801,"Silva"
1984,"brown","NE",670.910659973403,"Silva"
1984,"pink","S",4970.19081499393,"Silva"
1984,"pink","SE",2410.12830625168,"Silva"
1984,"seabob","N",2677.95048109956,"Silva"
1984,"seabob","NE",2295.1564116579,"Silva"
1984,"seabob","S",8644.14284813019,"Silva"
1984,"seabob","SE",7878.48366983576,"Silva"
1984,"white","N",3501.00264854492,"Silva"
1984,"white","NE",840.646268683779,"Silva"
1984,"white","S",1170.22690311216,"Silva"
1984,"white","SE",958.459561160827,"Silva"
1985,"brown","N",2787.28992012852,"Silva"
1985,"brown","NE",749.561546691692,"Silva"
1985,"pink","S",14133.2795242442,"Silva"
1985,"pink","SE",2383.21677770294,"Silva"
1985,"seabob","N",2419.68804786648,"Silva"
1985,"seabob","NE",3168.14077135978,"Silva"
1985,"seabob","S",6522.41929667961,"Silva"
1985,"seabob","SE",11566.9312478653,"Silva"
1985,"white","N",3164.72239534115,"Silva"
1985,"white","NE",391.243176468891,"Silva"
1985,"white","S",1801.73658141777,"Silva"
1985,"white","SE",1137.55126096792,"Silva"
1986,"brown","N",2899.6633044649,"Silva"
1986,"brown","NE",611.615676120979,"Silva"
1986,"pink","S",11243.1500261582,"Silva"
1986,"pink","SE",2439.36117980435,"Silva"
1986,"seabob","N",2591.80905561659,"Silva"
1986,"seabob","NE",2310.77120450248,"Silva"
1986,"seabob","S",3895.24745947945,"Silva"
1986,"seabob","SE",9684.81315348826,"Silva"
1986,"white","N",3283.738526877,"Silva"
1986,"white","NE",590.400388205264,"Silva"
1986,"white","S",1419.9350383723,"Silva"
1986,"white","SE",1176.97020048767,"Silva"
1987,"brown","N",3403.72125543909,"Silva"
1987,"brown","NE",954.204514411382,"Silva"
1987,"pink","S",8070.88036460793,"Silva"
1987,"pink","SE",1807.71839634935,"Silva"
1987,"seabob","N",2481.1265916458,"Silva"
1987,"seabob","NE",2137.75648495958,"Silva"
1987,"seabob","S",4648.47330628046,"Silva"
1987,"seabob","SE",7416.94407847956,"Silva"
1987,"white","N",3397.37896233186,"Silva"
1987,"white","NE",1559.48455945942,"Silva"
1987,"white","S",926.546111964687,"Silva"
1987,"white","SE",644.068180828508,"Silva"
1988,"brown","N",3095.04018096325,"Silva"
1988,"brown","NE",751.946025033463,"Silva"
1988,"pink","S",11027.5524881879,"Silva"
1988,"pink","SE",2003.30059123515,"Silva"
1988,"seabob","N",3235.05735034459,"Silva"
1988,"seabob","NE",1924.26459664321,"Silva"
1988,"seabob","S",3228.91147065519,"Silva"
1988,"seabob","SE",8482.09331683568,"Silva"
1988,"white","N",3826.89429632519,"Silva"
1988,"white","NE",801.163507586253,"Silva"
1988,"white","S",1168.21334472745,"Silva"
1988,"white","SE",740.461763443699,"Silva"
1989,"brown","N",2940.04007029909,"Silva"
1989,"brown","NE",599.74632851964,"Silva"
1989,"pink","S",4007.53610700558,"Silva"
1989,"pink","SE",2287.62520259557,"Silva"
1989,"seabob","N",2229.69784729966,"Silva"
1989,"seabob","NE",1697.27557787289,"Silva"
1989,"seabob","S",3773.82953799821,"Silva"
1989,"seabob","SE",9382.26275996208,"Silva"
1989,"white","N",3187.40043563154,"Silva"
1989,"white","NE",607.469476742414,"Silva"
1989,"white","S",621.69560231691,"Silva"
1989,"white","SE",682.996576045185,"Silva"
1990,"brown","N",5395.78853781049,"Silva"
1990,"brown","NE",798.950305977573,"Silva"
1990,"pink","S",5527.20883303592,"Silva"
1990,"pink","SE",1436.93553259672,"Silva"
1990,"seabob","N",2317.35721858954,"Silva"
1990,"seabob","NE",1644.74172857178,"Silva"
1990,"seabob","S",2880.25269396378,"Silva"
1990,"seabob","SE",5613.20995664583,"Silva"
1990,"white","N",3697.66952448055,"Silva"
1990,"white","NE",1121.51499214921,"Silva"
1990,"white","S",666.763637304018,"Silva"
1990,"white","SE",753.005735364417,"Silva"
1991,"brown","N",7509.98432799858,"Silva"
1991,"brown","NE",669.277777672961,"Silva"
1991,"pink","S",2526.96450382069,"Silva"
1991,"pink","SE",1535.08570208323,"Silva"
1991,"seabob","N",3891.3343296683,"Silva"
1991,"seabob","NE",1758.14487359136,"Silva"
1991,"seabob","S",1979.15366404476,"Silva"
1991,"seabob","SE",6078.57975386672,"Silva"
1991,"white","N",3844.4293032623,"Silva"
1991,"white","NE",674.738157873825,"Silva"
1991,"white","S",655.286598870389,"Silva"
1991,"white","SE",546.672614808797,"Silva"
1992,"brown","N",7357.06170801347,"Silva"
1992,"brown","NE",730.187064652695,"Silva"
1992,"pink","S",4889.64517578975,"Silva"
1992,"pink","SE",1618.29265894567,"Silva"
1992,"seabob","N",2750.94146174638,"Silva"
1992,"seabob","NE",2053.38908860268,"Silva"
1992,"seabob","S",2349.63248569879,"Silva"
1992,"seabob","SE",6054.24000036868,"Silva"
1992,"white","N",3665.22060490985,"Silva"
1992,"white","NE",883.084304272755,"Silva"
1992,"white","S",619.119679216981,"Silva"
1992,"white","SE",626.938568712545,"Silva"
1993,"brown","N",10452.0469949441,"Silva"
1993,"brown","NE",888.305572480777,"Silva"
1993,"pink","S",4538.73793030449,"Silva"
1993,"pink","SE",1519.06831814134,"Silva"
1993,"seabob","N",2549.76452293141,"Silva"
1993,"seabob","NE",1875.47406792995,"Silva"
1993,"seabob","S",3051.30058959744,"Silva"
1993,"seabob","SE",5739.60632797355,"Silva"
1993,"white","N",3647.95130042295,"Silva"
1993,"white","NE",1538.41219717997,"Silva"
1993,"white","S",584.965514933539,"Silva"
1993,"white","SE",767.829522364652,"Silva"
1994,"brown","N",6842.71125883371,"Silva"
1994,"brown","NE",764.027633857202,"Silva"
1994,"pink","S",2612.86365897118,"Silva"
1994,"pink","SE",1377.38119757002,"Silva"
1994,"seabob","N",3451.88766716947,"Silva"
1994,"seabob","NE",1489.32552739794,"Silva"
1994,"seabob","S",3314.36383590001,"Silva"
1994,"seabob","SE",5513.77566576489,"Silva"
1994,"white","N",3756.52675961828,"Silva"
1994,"white","NE",935.113138568036,"Silva"
1994,"white","S",502.771000786282,"Silva"
1994,"white","SE",667.448415364139,"Silva"
1995,"brown","N",6407.52022364923,"Silva"
1995,"brown","NE",839.924585055835,"Silva"
1995,"pink","S",8229.33639332373,"Silva"
1995,"pink","SE",1023.91673387326,"Silva"
1995,"seabob","N",3674.79552923501,"Silva"
1995,"seabob","NE",1375.86772041084,"Silva"
1995,"seabob","S",3344.6375644055,"Silva"
1995,"seabob","SE",3984.78902827861,"Silva"
1995,"white","N",3649.43563354186,"Silva"
1995,"white","NE",1237.1558542668,"Silva"
1995,"white","S",957.746443559045,"Silva"
1995,"white","SE",218.477501483532,"Silva"
1996,"brown","N",4047.82416862265,"Silva"
1996,"brown","NE",853.613539753465,"Silva"
1996,"pink","S",3565.15362970176,"Silva"
1996,"pink","SE",839.879535550372,"Silva"
1996,"seabob","N",2701.92218023063,"Silva"
1996,"seabob","NE",3265.24875306996,"Silva"
1996,"seabob","S",3169.56911462269,"Silva"
1996,"seabob","SE",2774.56128738609,"Silva"
1996,"white","N",3160.51220834646,"Silva"
1996,"white","NE",1687.25196441179,"Silva"
1996,"white","S",419.532046383282,"Silva"
1996,"white","SE",184.636109477113,"Silva"
1997,"brown","N",3360.47209838427,"Silva"
1997,"brown","NE",990.450686854489,"Silva"
1997,"pink","S",4636.13913485271,"Silva"
1997,"pink","SE",843.959039164987,"Silva"
1997,"seabob","N",2829.33058790838,"Silva"
1997,"seabob","NE",4884.86069183284,"Silva"
1997,"seabob","S",3583.5536186225,"Silva"
1997,"seabob","SE",3682.80645841792,"Silva"
1997,"white","N",3172.76470266013,"Silva"
1997,"white","NE",1979.74375452096,"Silva"
1997,"white","S",486.342144566781,"Silva"
1997,"white","SE",325.054614022893,"Silva"
1998,"brown","N",6638.15106551263,"Silva"
1998,"brown","NE",951.268705665619,"Silva"
1998,"pink","S",787.547191047045,"Silva"
1998,"pink","SE",718.713172592694,"Silva"
1998,"seabob","N",2727.73632325779,"Silva"
1998,"seabob","NE",4271.91626465954,"Silva"
1998,"seabob","S",3505.07057861167,"Silva"
1998,"seabob","SE",2633.68335538685,"Silva"
1998,"white","N",3416.33720697039,"Silva"
1998,"white","NE",2158.83319814629,"Silva"
1998,"white","S",292.263130447817,"Silva"
1998,"white","SE",295.313605433405,"Silva"
1999,"brown","N",3735.31012409543,"Silva"
1999,"brown","NE",1011.43131437476,"Silva"
1999,"pink","S",1683.56899889462,"Silva"
1999,"pink","SE",609.106247565464,"Silva"
1999,"seabob","N",2656.55611562577,"Silva"
1999,"seabob","NE",3932.852972207,"Silva"
1999,"seabob","S",2273.09207732872,"Silva"
1999,"seabob","SE",1729.44572640859,"Silva"
1999,"white","N",3348.50970145675,"Silva"
1999,"white","NE",1951.10900238677,"Silva"
1999,"white","S",236.42145838961,"Silva"
1999,"white","SE",158.931117079629,"Silva"
2000,"brown","N",1630.31743502282,"Silva"
2000,"brown","NE",947.676986988637,"Silva"
2000,"pink","S",6527.22443952706,"Silva"
2000,"pink","SE",597.104901613136,"Silva"
2000,"seabob","N",2282.77456637616,"Silva"
2000,"seabob","NE",5906.49333996348,"Silva"
2000,"seabob","S",2072.14013542045,"Silva"
2000,"seabob","SE",2737.2386814271,"Silva"
2000,"white","N",3055.6756232222,"Silva"
2000,"white","NE",1368.76377757848,"Silva"
2000,"white","S",617.530430459464,"Silva"
2000,"white","SE",144.541820309769,"Silva"
2001,"brown","N",2650.75789776421,"Silva"
2001,"brown","NE",800.288587119637,"Silva"
2001,"pink","S",462.07828784795,"Silva"
2001,"pink","SE",569.36036366053,"Silva"
2001,"seabob","N",1667.82112454714,"Silva"
2001,"seabob","NE",7577.99569454154,"Silva"
2001,"seabob","S",2408.51527729439,"Silva"
2001,"seabob","SE",2857.92568736561,"Silva"
2001,"white","N",2352.20122257531,"Silva"
2001,"white","NE",1565.70834281521,"Silva"
2001,"white","S",178.792187801853,"Silva"
2001,"white","SE",263.084308051556,"Silva"
2002,"brown","N",4542.22522642097,"Silva"
2002,"brown","NE",852.533644843119,"Silva"
2002,"pink","S",1571.28338982601,"Silva"
2002,"pink","SE",720.578237190169,"Silva"
2002,"seabob","N",1670.59416152042,"Silva"
2002,"seabob","NE",4608.03899177258,"Silva"
2002,"seabob","S",3044.30817404298,"Silva"
2002,"seabob","SE",1837.3582669438,"Silva"
2002,"white","N",2358.98172460154,"Silva"
2002,"white","NE",1100.18932291238,"Silva"
2002,"white","S",343.732740311184,"Silva"
2002,"white","SE",164.871373329832,"Silva"
2003,"brown","N",5310.10174072209,"Silva"
2003,"brown","NE",1023.8148793173,"Silva"
2003,"pink","S",563.123957211486,"Silva"
2003,"pink","SE",694.226962069897,"Silva"
2003,"seabob","N",2201.3970116349,"Silva"
2003,"seabob","NE",6368.024212193,"Silva"
2003,"seabob","S",1888.88365889767,"Silva"
2003,"seabob","SE",2410.74562925364,"Silva"
2003,"white","N",2766.88811943517,"Silva"
2003,"white","NE",1479.54301058756,"Silva"
2003,"white","S",157.401135205301,"Silva"
2003,"white","SE",200.576749838976,"Silva"
2004,"brown","N",6173.29918927527,"Silva"
2004,"brown","NE",1079.86272952202,"Silva"
2004,"pink","S",1641.34633765894,"Silva"
2004,"pink","SE",763.953373740331,"Silva"
2004,"seabob","N",2140.22855420676,"Silva"
2004,"seabob","NE",6440.0666140043,"Silva"
2004,"seabob","S",1468.49915532479,"Silva"
2004,"seabob","SE",2978.37766839201,"Silva"
2004,"white","N",2810.10204725016,"Silva"
2004,"white","NE",2714.96100062056,"Silva"
2004,"white","S",246.943120115655,"Silva"
2004,"white","SE",211.424316159673,"Silva"
2005,"brown","N",5390.63072758999,"Silva"
2005,"brown","NE",1364.82209878687,"Silva"
2005,"pink","S",4255.6634679649,"Silva"
2005,"pink","SE",1000.02076175748,"Silva"
2005,"seabob","N",2443.45882675567,"Silva"
2005,"seabob","NE",9200.10208537469,"Silva"
2005,"seabob","S",1764.02802934644,"Silva"
2005,"seabob","SE",3470.90473127421,"Silva"
2005,"white","N",2921.10216422987,"Silva"
2005,"white","NE",994.801474849164,"Silva"
2005,"white","S",553.512824129312,"Silva"
2005,"white","SE",216.250534543018,"Silva"
2006,"brown","N",4196.18017537132,"Silva"
2006,"brown","NE",960.446269338249,"Silva"
2006,"pink","S",3176.00318393741,"Silva"
2006,"pink","SE",735.816952403744,"Silva"
2006,"seabob","N",3042.87228796719,"Silva"
2006,"seabob","NE",4824.08597285906,"Silva"
2006,"seabob","S",2246.6226657769,"Silva"
2006,"seabob","SE",3368.00480278044,"Silva"
2006,"white","N",3473.82966444891,"Silva"
2006,"white","NE",1642.81487428083,"Silva"
2006,"white","S",414.436156660537,"Silva"
2006,"white","SE",228.740001602436,"Silva"
2007,"brown","N",4396.69209776189,"Silva"
2007,"brown","NE",922.22315863326,"Silva"
2007,"pink","S",5012.14543217271,"Silva"
2007,"pink","SE",603.580274276568,"Silva"
2007,"seabob","N",2661.4549038656,"Silva"
2007,"seabob","NE",6148.79405657051,"Silva"
2007,"seabob","S",3356.56382591487,"Silva"
2007,"seabob","SE",3416.04613960404,"Silva"
2007,"white","N",3012.91055455447,"Silva"
2007,"white","NE",2717.12444778372,"Silva"
2007,"white","S",500.992028609298,"Silva"
2007,"white","SE",245.684584595897,"Silva"
2008,"brown","N",5056.43968857256,"Silva"
2008,"brown","NE",855.84029694846,"Silva"
2008,"pink","S",2605.39466762875,"Silva"
2008,"pink","SE",967.131137062069,"Silva"
2008,"seabob","N",2735.98521623185,"Silva"
2008,"seabob","NE",4941.40711873098,"Silva"
2008,"seabob","S",6487.49438518604,"Silva"
2008,"seabob","SE",5179.66329029844,"Silva"
2008,"white","N",3124.08721725366,"Silva"
2008,"white","NE",1922.90028782589,"Silva"
2008,"white","S",459.739071622637,"Silva"
2008,"white","SE",471.312869109961,"Silva"
2009,"brown","N",4876.41062313355,"Silva"
2009,"brown","NE",1080.62114561193,"Silva"
2009,"pink","S",2355.56459812793,"Silva"
2009,"pink","SE",1354.57048771222,"Silva"
2009,"seabob","N",3189.31740682746,"Silva"
2009,"seabob","NE",5507.50446963115,"Silva"
2009,"seabob","S",7527.09135784026,"Silva"
2009,"seabob","SE",5009.37080517392,"Silva"
2009,"white","N",3077.29534243756,"Silva"
2009,"white","NE",1690.77747553281,"Silva"
2009,"white","S",474.242165675392,"Silva"
2009,"white","SE",554.783184416053,"Silva"
2010,"brown","N",4473.34076391822,"Silva"
2010,"brown","NE",1029.93109876253,"Silva"
2010,"pink","S",3286.75657235528,"Silva"
2010,"pink","SE",547.152591205535,"Silva"
2010,"seabob","N",3435.37439834805,"Silva"
2010,"seabob","NE",5158.18898637652,"Silva"
2010,"seabob","S",4150.71851855755,"Silva"
2010,"seabob","SE",4880.70303249582,"Silva"
2010,"white","N",3641.50523968835,"Silva"
2010,"white","NE",1817.96618749059,"Silva"
2010,"white","S",545.350441656707,"Silva"
2010,"white","SE",617.138236620217,"Silva"
2011,"brown","N",5411.64299031634,"Silva"
2011,"brown","NE",908.501464630916,"Silva"
2011,"pink","S",3849.7403502104,"Silva"
2011,"pink","SE",1263.29618477459,"Silva"
2011,"seabob","N",3040.89411781994,"Silva"
2011,"seabob","NE",5772.66796050898,"Silva"
2011,"seabob","S",5761.49133152656,"Silva"
2011,"seabob","SE",5544.41139556824,"Silva"
2011,"white","N",3298.52639885318,"Silva"
2011,"white","NE",2282.89001592149,"Silva"
2011,"white","S",522.361165489069,"Silva"
2011,"white","SE",779.725146903387,"Silva"
2012,"brown","N",4982.69632230822,"Silva"
2012,"brown","NE",1007.85967863946,"Silva"
2012,"pink","S",2831.70219570938,"Silva"
2012,"pink","SE",865.03269621926,"Silva"
2012,"seabob","N",2656.15768851778,"Silva"
2012,"seabob","NE",5896.88804680218,"Silva"
2012,"seabob","S",3769.57011024141,"Silva"
2012,"seabob","SE",3809.55857617846,"Silva"
2012,"white","N",3048.52284727529,"Silva"
2012,"white","NE",1836.3968097805,"Silva"
2012,"white","S",421.871084947509,"Silva"
2012,"white","SE",369.050699711945,"Silva"
2013,"brown","N",5026.74343189695,"Silva"
2013,"brown","NE",1023.3922820191,"Silva"
2013,"pink","S",2957.74407629772,"Silva"
2013,"pink","SE",879.478142122169,"Silva"
2013,"seabob","N",2754.71404121752,"Silva"
2013,"seabob","NE",6025.77295230514,"Silva"
2013,"seabob","S",3842.09630386125,"Silva"
2013,"seabob","SE",4006.77860710192,"Silva"
2013,"white","N",3117.47695954266,"Silva"
2013,"white","NE",1910.01755846731,"Silva"
2013,"white","S",429.684919411142,"Silva"
2013,"white","SE",389.468632350156,"Silva"
2014,"brown","N",4998.40760101443,"Silva"
2014,"brown","NE",1023.35002228928,"Silva"
2014,"pink","S",3197.20608820634,"Silva"
2014,"pink","SE",898.003260127397,"Silva"
2014,"seabob","N",2810.04574417578,"Silva"
2014,"seabob","NE",5991.54782631635,"Silva"
2014,"seabob","S",4037.41756835761,"Silva"
2014,"seabob","SE",4166.38190488675,"Silva"
2014,"white","N",3152.53584355341,"Silva"
2014,"white","NE",1953.06501325528,"Silva"
2014,"white","S",456.913297831726,"Silva"
2014,"white","SE",408.357820601274,"Silva"
2015,"brown","N",4880.91844218835,"Silva"
2015,"brown","NE",1017.69875156601,"Silva"
2015,"pink","S",3352.79206326108,"Silva"
2015,"pink","SE",911.408248766103,"Silva"
2015,"seabob","N",2877.02746317269,"Silva"
2015,"seabob","NE",5946.69594754756,"Silva"
2015,"seabob","S",4294.30940966089,"Silva"
2015,"seabob","SE",4285.18232853622,"Silva"
2015,"white","N",3186.77922318374,"Silva"
2015,"white","NE",1876.87541451876,"Silva"
2015,"white","S",477.910315603333,"Silva"
2015,"white","SE",428.051171045434,"Silva"
1950,"brown","N",707.717,"Freire"
1950,"brown","NE",0.035,"Freire"
1950,"pink","S",1107.661,"Freire"
1950,"seabob","N",2333.292,"Freire"
1950,"seabob","NE",0.093,"Freire"
1950,"seabob","S",4067.263,"Freire"
1950,"seabob","SE",394.91,"Freire"
1950,"white","N",2921.923,"Freire"
1950,"white","NE",0.218,"Freire"
1950,"white","S",30.703,"Freire"
1950,"white","SE",345.075,"Freire"
1951,"brown","N",620.927,"Freire"
1951,"brown","NE",0.031,"Freire"
1951,"pink","S",1071.078,"Freire"
1951,"seabob","N",2047.117,"Freire"
1951,"seabob","NE",0.085,"Freire"
1951,"seabob","S",4526.61,"Freire"
1951,"seabob","SE",426.318,"Freire"
1951,"white","N",2563.554,"Freire"
1951,"white","NE",0.198,"Freire"
1951,"white","S",54.9,"Freire"
1951,"white","SE",335.185,"Freire"
1952,"brown","N",600.579,"Freire"
1952,"brown","NE",0.034,"Freire"
1952,"pink","S",1606.287,"Freire"
1952,"seabob","N",1975.455,"Freire"
1952,"seabob","NE",0.091,"Freire"
1952,"seabob","S",3935.127,"Freire"
1952,"seabob","SE",431.089,"Freire"
1952,"white","N",2473.813,"Freire"
1952,"white","NE",0.213,"Freire"
1952,"white","S",63.784,"Freire"
1952,"white","SE",325.241,"Freire"
1953,"brown","N",639.39,"Freire"
1953,"brown","NE",0.042,"Freire"
1953,"pink","S",748.295,"Freire"
1953,"seabob","N",2104.08,"Freire"
1953,"seabob","NE",0.113,"Freire"
1953,"seabob","S",5552.813,"Freire"
1953,"seabob","SE",427.707,"Freire"
1953,"white","N",2634.887,"Freire"
1953,"white","NE",0.263,"Freire"
1953,"white","S",67.13,"Freire"
1953,"white","SE",303.453,"Freire"
1954,"brown","N",500.362,"Freire"
1954,"brown","NE",0.046,"Freire"
1954,"pink","S",1387.858,"Freire"
1954,"seabob","N",1638.783,"Freire"
1954,"seabob","NE",0.125,"Freire"
1954,"seabob","S",5413.948,"Freire"
1954,"seabob","SE",423.684,"Freire"
1954,"white","N",2052.207,"Freire"
1954,"white","NE",0.291,"Freire"
1954,"white","S",90.398,"Freire"
1954,"white","SE",285.109,"Freire"
1955,"brown","N",531.844,"Freire"
1955,"brown","NE",0.045,"Freire"
1955,"pink","S",1409.482,"Freire"
1955,"seabob","N",1741.887,"Freire"
1955,"seabob","NE",0.122,"Freire"
1955,"seabob","S",5999.917,"Freire"
1955,"seabob","SE",468.912,"Freire"
1955,"white","N",2181.322,"Freire"
1955,"white","NE",0.284,"Freire"
1955,"white","S",73.263,"Freire"
1955,"white","SE",337.42,"Freire"
1956,"brown","N",542.857,"Freire"
1956,"brown","NE",0.041,"Freire"
1956,"pink","S",614.636,"Freire"
1956,"seabob","N",1786.163,"Freire"
1956,"seabob","NE",0.11,"Freire"
1956,"seabob","S",6260.117,"Freire"
1956,"seabob","SE",481.16,"Freire"
1956,"white","N",2236.768,"Freire"
1956,"white","NE",0.258,"Freire"
1956,"white","S",171.25,"Freire"
1956,"white","SE",281.938,"Freire"
1957,"brown","N",643.34,"Freire"
1957,"brown","NE",0.388,"Freire"
1957,"pink","S",2323.747,"Freire"
1957,"seabob","N",2119.644,"Freire"
1957,"seabob","NE",1.049,"Freire"
1957,"seabob","S",5275.339,"Freire"
1957,"seabob","SE",506.59,"Freire"
1957,"white","N",2654.377,"Freire"
1957,"white","NE",2.448,"Freire"
1957,"white","S",149.344,"Freire"
1957,"white","SE",232.208,"Freire"
1958,"brown","N",722.817,"Freire"
1958,"brown","NE",0.736,"Freire"
1958,"pink","S",1375.135,"Freire"
1958,"seabob","N",2355.323,"Freire"
1958,"seabob","NE",1.988,"Freire"
1958,"seabob","S",4731.188,"Freire"
1958,"seabob","SE",615.214,"Freire"
1958,"white","N",2949.513,"Freire"
1958,"white","NE",4.639,"Freire"
1958,"white","S",136.036,"Freire"
1958,"white","SE",281.488,"Freire"
1959,"brown","N",680.186,"Freire"
1959,"brown","NE",1.555,"Freire"
1959,"pink","S",299.773,"Freire"
1959,"seabob","N",2189.502,"Freire"
1959,"seabob","NE",4.197,"Freire"
1959,"seabob","S",5726.256,"Freire"
1959,"seabob","SE",743.197,"Freire"
1959,"white","N",2785.618,"Freire"
1959,"white","NE",9.794,"Freire"
1959,"white","S",166.021,"Freire"
1959,"white","SE",409.31,"Freire"
1960,"brown","N",947.051,"Freire"
1960,"brown","NE",2.946,"Freire"
1960,"pink","S",1708.105,"Freire"
1960,"seabob","N",2668.972,"Freire"
1960,"seabob","NE",7.953,"Freire"
1960,"seabob","S",5514.602,"Freire"
1960,"seabob","SE",1075.354,"Freire"
1960,"white","N",3385.233,"Freire"
1960,"white","NE",18.556,"Freire"
1960,"white","S",199.953,"Freire"
1960,"white","SE",302.214,"Freire"
1961,"brown","N",1263.609,"Freire"
1961,"brown","NE",0.613,"Freire"
1961,"pink","S",1421.912,"Freire"
1961,"seabob","N",2897.7,"Freire"
1961,"seabob","NE",1.657,"Freire"
1961,"seabob","S",8634.029,"Freire"
1961,"seabob","SE",881.488,"Freire"
1961,"white","N",3659.062,"Freire"
1961,"white","NE",3.866,"Freire"
1961,"white","S",265.119,"Freire"
1961,"white","SE",331.049,"Freire"
1962,"brown","N",2318.537,"Freire"
1962,"brown","NE",68.418,"Freire"
1962,"pink","S",1847.054,"Freire"
1962,"seabob","N",5453.262,"Freire"
1962,"seabob","NE",253.258,"Freire"
1962,"seabob","S",10807.14,"Freire"
1962,"seabob","SE",1200.638,"Freire"
1962,"white","N",6890.202,"Freire"
1962,"white","NE",176.822,"Freire"
1962,"white","S",300.159,"Freire"
1962,"white","SE",419.711,"Freire"
1963,"brown","N",1002.587,"Freire"
1963,"brown","NE",125.962,"Freire"
1963,"pink","S",1741.677,"Freire"
1963,"seabob","N",1951.129,"Freire"
1963,"seabob","NE",528.02,"Freire"
1963,"seabob","S",12937.246,"Freire"
1963,"seabob","SE",1526.057,"Freire"
1963,"white","N",2453.285,"Freire"
1963,"white","NE",334.922,"Freire"
1963,"white","S",354.901,"Freire"
1963,"white","SE",424.334,"Freire"
1964,"brown","N",683.219,"Freire"
1964,"brown","NE",108.602,"Freire"
1964,"pink","S",1929.982,"Freire"
1964,"seabob","N",1245.596,"Freire"
1964,"seabob","NE",380.663,"Freire"
1964,"seabob","S",14749.991,"Freire"
1964,"seabob","SE",1631.092,"Freire"
1964,"white","N",1563.185,"Freire"
1964,"white","NE",293.815,"Freire"
1964,"white","S",375.815,"Freire"
1964,"white","SE",535.212,"Freire"
1965,"brown","N",1139.496,"Freire"
1965,"brown","NE",127.67,"Freire"
1965,"pink","S",1963.794,"Freire"
1965,"seabob","N",2424.28,"Freire"
1965,"seabob","NE",441.663,"Freire"
1965,"seabob","S",15304.4367438,"Freire"
1965,"seabob","SE",886.93,"Freire"
1965,"white","N",3055.558,"Freire"
1965,"white","NE",319.617,"Freire"
1965,"white","S",321.19,"Freire"
1965,"white","SE",593.489,"Freire"
1966,"brown","N",1607.772,"Freire"
1966,"brown","NE",145.344,"Freire"
1966,"pink","S",2296.863,"Freire"
1966,"seabob","N",3602.964,"Freire"
1966,"seabob","NE",488.712,"Freire"
1966,"seabob","S",14959.695,"Freire"
1966,"seabob","SE",1143.877,"Freire"
1966,"white","N",4547.929,"Freire"
1966,"white","NE",312.156,"Freire"
1966,"white","S",391.338,"Freire"
1966,"white","SE",831.718,"Freire"
1967,"brown","N",1835.272,"Freire"
1967,"brown","NE",144.682,"Freire"
1967,"pink","S",2629.933,"Freire"
1967,"seabob","N",4005.232,"Freire"
1967,"seabob","NE",468.458,"Freire"
1967,"seabob","S",11671.827,"Freire"
1967,"seabob","SE",1756.536,"Freire"
1967,"white","N",5052.496,"Freire"
1967,"white","NE",318.955,"Freire"
1967,"white","S",395.76,"Freire"
1967,"white","SE",1074.313,"Freire"
1968,"brown","N",1644.474,"Freire"
1968,"brown","NE",136.954,"Freire"
1968,"pink","S",3117.495,"Freire"
1968,"seabob","N",3378.312,"Freire"
1968,"seabob","NE",476.008,"Freire"
1968,"seabob","S",14200.716,"Freire"
1968,"seabob","SE",3370.136,"Freire"
1968,"white","N",4255.212,"Freire"
1968,"white","NE",303.421,"Freire"
1968,"white","S",547.098,"Freire"
1968,"white","SE",1312.978,"Freire"
1969,"brown","N",1805.867,"Freire"
1969,"brown","NE",154.431,"Freire"
1969,"pink","S",2981.926,"Freire"
1969,"seabob","N",3524.775,"Freire"
1969,"seabob","NE",519.859,"Freire"
1969,"seabob","S",10588.276,"Freire"
1969,"seabob","SE",3310.3,"Freire"
1969,"white","N",4433.193,"Freire"
1969,"white","NE",370.737,"Freire"
1969,"white","S",460.132,"Freire"
1969,"white","SE",1450.621,"Freire"
1970,"brown","N",2294.609,"Freire"
1970,"brown","NE",150.394,"Freire"
1970,"pink","S",2902.598,"Freire"
1970,"seabob","N",3133.591,"Freire"
1970,"seabob","NE",511.011,"Freire"
1970,"seabob","S",11550.352,"Freire"
1970,"seabob","SE",4474.089,"Freire"
1970,"white","N",3893.844,"Freire"
1970,"white","NE",355.519,"Freire"
1970,"white","S",610.276,"Freire"
1970,"white","SE",1199.872,"Freire"
1971,"brown","N",2132.938,"Freire"
1971,"brown","NE",150.904,"Freire"
1971,"pink","S",4510.894,"Freire"
1971,"seabob","N",2208.082,"Freire"
1971,"seabob","NE",543.853,"Freire"
1971,"seabob","S",8071.757,"Freire"
1971,"seabob","SE",4346.322,"Freire"
1971,"white","N",2708.383,"Freire"
1971,"white","NE",381.31,"Freire"
1971,"white","S",531.001,"Freire"
1971,"white","SE",1200.029,"Freire"
1972,"brown","N",2380.782,"Freire"
1972,"brown","NE",147.019,"Freire"
1972,"pink","S",4755.132,"Freire"
1972,"seabob","N",2717.609,"Freire"
1972,"seabob","NE",539.968,"Freire"
1972,"seabob","S",11400.556,"Freire"
1972,"seabob","SE",7854.462,"Freire"
1972,"white","N",3350.013,"Freire"
1972,"white","NE",385.975,"Freire"
1972,"white","S",548.403,"Freire"
1972,"white","SE",848.735,"Freire"
1973,"brown","N",1857.495,"Freire"
1973,"brown","NE",182.26,"Freire"
1973,"pink","S",490.145,"Freire"
1973,"seabob","N",2373.165,"Freire"
1973,"seabob","NE",679.507,"Freire"
1973,"seabob","S",12182.564,"Freire"
1973,"seabob","SE",7847.887,"Freire"
1973,"white","N",2942.072,"Freire"
1973,"white","NE",625.09,"Freire"
1973,"white","S",645.92,"Freire"
1973,"white","SE",760.182,"Freire"
1974,"brown","N",1798.241,"Freire"
1974,"brown","NE",238.437,"Freire"
1974,"pink","S",2859.644,"Freire"
1974,"seabob","N",1570.85,"Freire"
1974,"seabob","NE",800.847,"Freire"
1974,"seabob","S",7661.535,"Freire"
1974,"seabob","SE",12200.701,"Freire"
1974,"white","N",1908.716,"Freire"
1974,"white","NE",640.478,"Freire"
1974,"white","S",1001.621,"Freire"
1974,"white","SE",649.343,"Freire"
1975,"brown","N",1538.279,"Freire"
1975,"brown","NE",276.373,"Freire"
1975,"pink","S",1558.339,"Freire"
1975,"seabob","N",2059.794,"Freire"
1975,"seabob","NE",856.285,"Freire"
1975,"seabob","S",10088.776,"Freire"
1975,"seabob","SE",5634.597,"Freire"
1975,"white","N",2558.457,"Freire"
1975,"white","NE",662.987,"Freire"
1975,"white","S",1180.327,"Freire"
1975,"white","SE",520.989,"Freire"
1976,"brown","N",1364.485,"Freire"
1976,"brown","NE",251.615,"Freire"
1976,"pink","S",1294.714,"Freire"
1976,"seabob","N",2714.834,"Freire"
1976,"seabob","NE",670.933,"Freire"
1976,"seabob","S",9435.884,"Freire"
1976,"seabob","SE",6601.196,"Freire"
1976,"white","N",3419.518,"Freire"
1976,"white","NE",598.26,"Freire"
1976,"white","S",1130.174,"Freire"
1976,"white","SE",527.174,"Freire"
1977,"brown","N",3099.431,"Freire"
1977,"brown","NE",336.116,"Freire"
1977,"pink","S",1415.483,"Freire"
1977,"seabob","N",3659.108,"Freire"
1977,"seabob","NE",909.674,"Freire"
1977,"seabob","S",10869.921,"Freire"
1977,"seabob","SE",8212.49,"Freire"
1977,"white","N",4519.043,"Freire"
1977,"white","NE",777.508,"Freire"
1977,"white","S",966.724,"Freire"
1977,"white","SE",686.103,"Freire"
1978,"brown","N",3766.424,"Freire"
1978,"brown","NE",742.36,"Freire"
1978,"pink","S",3661.352,"Freire"
1978,"seabob","N",3790.187,"Freire"
1978,"seabob","NE",1940.804,"Freire"
1978,"seabob","S",9021.159,"Freire"
1978,"seabob","SE",8031.494,"Freire"
1978,"white","N",4653.389,"Freire"
1978,"white","NE",1276.864,"Freire"
1978,"white","S",1043.777,"Freire"
1978,"white","SE",480.267,"Freire"
1979,"brown","N",3677.829,"Freire"
1979,"brown","NE",491.132,"Freire"
1979,"pink","S",7041.327,"Freire"
1979,"seabob","N",3900.223,"Freire"
1979,"seabob","NE",1380.609,"Freire"
1979,"seabob","S",13137.794,"Freire"
1979,"seabob","SE",8280.633,"Freire"
1979,"white","N",4784.948,"Freire"
1979,"white","NE",1276.536,"Freire"
1979,"white","S",856.036,"Freire"
1979,"white","SE",405.062,"Freire"
1980,"brown","N",4848.519,"Freire"
1980,"brown","NE",500.003,"Freire"
1980,"pink","S",2232.026,"Freire"
1980,"seabob","N",4343.741,"Freire"
1980,"seabob","NE",1469.525,"Freire"
1980,"seabob","S",9116.381,"Freire"
1980,"seabob","SE",8007.254,"Freire"
1980,"white","N",5259.74,"Freire"
1980,"white","NE",1495.389,"Freire"
1980,"white","S",871.839,"Freire"
1980,"white","SE",392.875,"Freire"
1981,"brown","N",5722.427,"Freire"
1981,"brown","NE",522.701,"Freire"
1981,"pink","S",1128.96,"Freire"
1981,"seabob","N",4900.188,"Freire"
1981,"seabob","NE",1721.259,"Freire"
1981,"seabob","S",8101.121,"Freire"
1981,"seabob","SE",9304.049,"Freire"
1981,"white","N",5905.386,"Freire"
1981,"white","NE",3128.964,"Freire"
1981,"white","S",855.823,"Freire"
1981,"white","SE",740.489,"Freire"
1982,"brown","N",4648.642,"Freire"
1982,"brown","NE",576.716,"Freire"
1982,"pink","S",3729.538,"Freire"
1982,"seabob","N",6106.514,"Freire"
1982,"seabob","NE",1648.186,"Freire"
1982,"seabob","S",6636.052,"Freire"
1982,"seabob","SE",7994.364,"Freire"
1982,"white","N",6088.844,"Freire"
1982,"white","NE",2797.638,"Freire"
1982,"white","S",1027.364,"Freire"
1982,"white","SE",1363.07,"Freire"
1983,"brown","N",4764.065,"Freire"
1983,"brown","NE",763.994,"Freire"
1983,"pink","S",832.047,"Freire"
1983,"seabob","N",5683.239,"Freire"
1983,"seabob","NE",2726.338,"Freire"
1983,"seabob","S",7171.983,"Freire"
1983,"seabob","SE",7032.331,"Freire"
1983,"white","N",6466.697,"Freire"
1983,"white","NE",2153.645,"Freire"
1983,"white","S",651.067,"Freire"
1983,"white","SE",433.746,"Freire"
1984,"brown","N",4803.869,"Freire"
1984,"brown","NE",763.577,"Freire"
1984,"pink","S",1540.097,"Freire"
1984,"seabob","N",3711.286,"Freire"
1984,"seabob","NE",4694.087,"Freire"
1984,"seabob","S",9122.82,"Freire"
1984,"seabob","SE",7160.104,"Freire"
1984,"white","N",3633.845,"Freire"
1984,"white","NE",2942.255,"Freire"
1984,"white","S",1170.012,"Freire"
1984,"white","SE",1893.967,"Freire"
1985,"brown","N",4622.45,"Freire"
1985,"brown","NE",872.058,"Freire"
1985,"pink","S",7896.678,"Freire"
1985,"seabob","N",3466.261,"Freire"
1985,"seabob","NE",5981.973,"Freire"
1985,"seabob","S",6363.775,"Freire"
1985,"seabob","SE",8355.321,"Freire"
1985,"white","N",3272.955,"Freire"
1985,"white","NE",4249.541,"Freire"
1985,"white","S",712.079,"Freire"
1985,"white","SE",1524.163,"Freire"
1986,"brown","N",4467.261,"Freire"
1986,"brown","NE",969.34,"Freire"
1986,"pink","S",6210.143,"Freire"
1986,"seabob","N",3430.514,"Freire"
1986,"seabob","NE",4885.417,"Freire"
1986,"seabob","S",4958.308,"Freire"
1986,"seabob","SE",6431.394,"Freire"
1986,"white","N",3308.558,"Freire"
1986,"white","NE",4063.644,"Freire"
1986,"white","S",663.788,"Freire"
1986,"white","SE",3790.691,"Freire"
1987,"brown","N",4697.61,"Freire"
1987,"brown","NE",1148.483,"Freire"
1987,"pink","S",4941.103,"Freire"
1987,"seabob","N",3327.712,"Freire"
1987,"seabob","NE",5661.312,"Freire"
1987,"seabob","S",4711.876,"Freire"
1987,"seabob","SE",7773.733,"Freire"
1987,"white","N",3325.705,"Freire"
1987,"white","NE",3574.469,"Freire"
1987,"white","S",292.453,"Freire"
1987,"white","SE",292.407,"Freire"
1988,"brown","N",5668.635,"Freire"
1988,"brown","NE",522.63,"Freire"
1988,"pink","S",4151.566,"Freire"
1988,"seabob","N",3288.608,"Freire"
1988,"seabob","NE",3979.512,"Freire"
1988,"seabob","S",4009.264,"Freire"
1988,"seabob","SE",7073.151,"Freire"
1988,"white","N",3372.382,"Freire"
1988,"white","NE",3710.64,"Freire"
1988,"white","S",383.14,"Freire"
1988,"white","SE",321.129,"Freire"
1989,"brown","N",4753.16,"Freire"
1989,"brown","NE",404.767,"Freire"
1989,"pink","S",2643.284,"Freire"
1989,"seabob","N",3271.379,"Freire"
1989,"seabob","NE",3329.275,"Freire"
1989,"seabob","S",3899.009,"Freire"
1989,"seabob","SE",5725.121,"Freire"
1989,"white","N",3351.711,"Freire"
1989,"white","NE",2271.089,"Freire"
1989,"white","S",1027.215,"Freire"
1989,"white","SE",523.119,"Freire"
1990,"brown","N",7026.946,"Freire"
1990,"brown","NE",581.978,"Freire"
1990,"pink","S",2356.623,"Freire"
1990,"seabob","N",3153.43,"Freire"
1990,"seabob","NE",2660.829,"Freire"
1990,"seabob","S",2154.971,"Freire"
1990,"seabob","SE",4601.37,"Freire"
1990,"white","N",3573.452,"Freire"
1990,"white","NE",1580.493,"Freire"
1990,"white","S",880.694,"Freire"
1990,"white","SE",661.9,"Freire"
1991,"brown","N",7520.564,"Freire"
1991,"brown","NE",756.552,"Freire"
1991,"pink","S",1581.735,"Freire"
1991,"seabob","N",3319.128,"Freire"
1991,"seabob","NE",3175.261,"Freire"
1991,"seabob","S",1850.5,"Freire"
1991,"seabob","SE",3494.27,"Freire"
1991,"white","N",3750.713,"Freire"
1991,"white","NE",1781.359,"Freire"
1991,"white","S",727.609,"Freire"
1991,"white","SE",271.01,"Freire"
1992,"brown","N",6969.411,"Freire"
1992,"brown","NE",983.825,"Freire"
1992,"pink","S",3828.583,"Freire"
1992,"seabob","N",3411.96,"Freire"
1992,"seabob","NE",4325.386,"Freire"
1992,"seabob","S",1897.25,"Freire"
1992,"seabob","SE",3467.02,"Freire"
1992,"white","N",3924.611,"Freire"
1992,"white","NE",2161.239,"Freire"
1992,"white","S",586.957,"Freire"
1992,"white","SE",234.071,"Freire"
1993,"brown","N",8607.526,"Freire"
1993,"brown","NE",1107.058,"Freire"
1993,"pink","S",1594.767,"Freire"
1993,"seabob","N",3657.477,"Freire"
1993,"seabob","NE",4198.962,"Freire"
1993,"seabob","S",2402,"Freire"
1993,"seabob","SE",2761,"Freire"
1993,"white","N",4105.556,"Freire"
1993,"white","NE",2209.664,"Freire"
1993,"white","S",446.306,"Freire"
1993,"white","SE",218.272,"Freire"
1994,"brown","N",7098.278,"Freire"
1994,"brown","NE",1269.049,"Freire"
1994,"pink","S",266.373,"Freire"
1994,"seabob","N",3683.49,"Freire"
1994,"seabob","NE",4445.433,"Freire"
1994,"seabob","S",2920.75,"Freire"
1994,"seabob","SE",3736.34,"Freire"
1994,"white","N",4276.37,"Freire"
1994,"white","NE",2333.305,"Freire"
1994,"white","S",305.654,"Freire"
1994,"white","SE",136.733,"Freire"
1995,"brown","N",6355.132,"Freire"
1995,"brown","NE",1464.347,"Freire"
1995,"pink","S",2679.413,"Freire"
1995,"seabob","N",3762.932,"Freire"
1995,"seabob","NE",4943.02,"Freire"
1995,"seabob","S",3300.5,"Freire"
1995,"seabob","SE",3215.31,"Freire"
1995,"white","N",4449.65,"Freire"
1995,"white","NE",2591.726,"Freire"
1995,"white","S",165.003,"Freire"
1995,"white","SE",106.152,"Freire"
1996,"brown","N",4124.082,"Freire"
1996,"brown","NE",1348.882,"Freire"
1996,"pink","S",2774.5,"Freire"
1996,"seabob","N",2626.503,"Freire"
1996,"seabob","NE",5336.389,"Freire"
1996,"seabob","S",3832,"Freire"
1996,"seabob","SE",2851.19,"Freire"
1996,"white","N",2808.416,"Freire"
1996,"white","NE",2536.005,"Freire"
1996,"white","S",66,"Freire"
1996,"white","SE",164.18,"Freire"
1997,"brown","N",4396.057,"Freire"
1997,"brown","NE",1053.124,"Freire"
1997,"pink","S",3927.5,"Freire"
1997,"seabob","N",2525.023,"Freire"
1997,"seabob","NE",7544.026,"Freire"
1997,"seabob","S",3193,"Freire"
1997,"seabob","SE",4244.68,"Freire"
1997,"white","N",2836.316,"Freire"
1997,"white","NE",2206.384,"Freire"
1997,"white","S",134.5,"Freire"
1997,"white","SE",187.82,"Freire"
1998,"brown","N",5564.746,"Freire"
1998,"brown","NE",1489.025,"Freire"
1998,"pink","S",2548.25,"Freire"
1998,"seabob","N",2549.207,"Freire"
1998,"seabob","NE",5920.843,"Freire"
1998,"seabob","S",4227,"Freire"
1998,"seabob","SE",2859.86,"Freire"
1998,"white","N",2827.048,"Freire"
1998,"white","NE",2703.291,"Freire"
1998,"white","S",373,"Freire"
1998,"white","SE",332.71,"Freire"
1999,"brown","N",5244.76,"Freire"
1999,"brown","NE",2001.284,"Freire"
1999,"pink","S",1169,"Freire"
1999,"seabob","N",2672.45,"Freire"
1999,"seabob","NE",4757.532,"Freire"
1999,"seabob","S",2568,"Freire"
1999,"seabob","SE",1442.09,"Freire"
1999,"white","N",2862.79,"Freire"
1999,"white","NE",3397.525,"Freire"
1999,"white","S",41.5,"Freire"
1999,"white","SE",162.53,"Freire"
2000,"brown","N",3164.458,"Freire"
2000,"brown","NE",1708.165,"Freire"
2000,"pink","S",6226,"Freire"
2000,"seabob","N",2431.548,"Freire"
2000,"seabob","NE",5484.11,"Freire"
2000,"seabob","S",1600.34,"Freire"
2000,"seabob","SE",2700.21,"Freire"
2000,"white","N",2828.995,"Freire"
2000,"white","NE",2864.101,"Freire"
2000,"white","S",148.892,"Freire"
2000,"white","SE",170.68,"Freire"
2001,"brown","N",3221.82,"Freire"
2001,"brown","NE",1238.69,"Freire"
2001,"pink","S",16.5,"Freire"
2001,"seabob","N",1434.15,"Freire"
2001,"seabob","NE",5408.305,"Freire"
2001,"seabob","S",2552.183,"Freire"
2001,"seabob","SE",3031.73,"Freire"
2001,"white","N",2009.03,"Freire"
2001,"white","NE",2269.897,"Freire"
2001,"white","S",198.112,"Freire"
2001,"white","SE",234.06,"Freire"
2002,"brown","N",4069.12,"Freire"
2002,"brown","NE",1211.64,"Freire"
2002,"pink","S",976.5,"Freire"
2002,"seabob","N",1432.275,"Freire"
2002,"seabob","NE",5637.321,"Freire"
2002,"seabob","S",3151.401,"Freire"
2002,"seabob","SE",1856.71,"Freire"
2002,"white","N",1978.105,"Freire"
2002,"white","NE",2479.715,"Freire"
2002,"white","S",224.843,"Freire"
2002,"white","SE",171.76,"Freire"
2003,"brown","N",3592.052,"Freire"
2003,"brown","NE",1882.019,"Freire"
2003,"pink","S",120.5,"Freire"
2003,"seabob","N",1737.09,"Freire"
2003,"seabob","NE",5859.013,"Freire"
2003,"seabob","S",1638.408,"Freire"
2003,"seabob","SE",2524.5,"Freire"
2003,"white","N",2438.358,"Freire"
2003,"white","NE",2820.631,"Freire"
2003,"white","S",226.039,"Freire"
2003,"white","SE",240.58,"Freire"
2004,"brown","N",3629.914,"Freire"
2004,"brown","NE",2084.356,"Freire"
2004,"pink","S",1296.5,"Freire"
2004,"seabob","N",1771.853,"Freire"
2004,"seabob","NE",6349.5,"Freire"
2004,"seabob","S",1360.082,"Freire"
2004,"seabob","SE",3086.53,"Freire"
2004,"white","N",2470.086,"Freire"
2004,"white","NE",2767.902,"Freire"
2004,"white","S",180.039,"Freire"
2004,"white","SE",216.06,"Freire"
2005,"brown","N",3452.662,"Freire"
2005,"brown","NE",2770.795,"Freire"
2005,"pink","S",4202,"Freire"
2005,"seabob","N",2059.103,"Freire"
2005,"seabob","NE",8960.757,"Freire"
2005,"seabob","S",1496.708,"Freire"
2005,"seabob","SE",3789.43,"Freire"
2005,"white","N",2659.236,"Freire"
2005,"white","NE",2993.437,"Freire"
2005,"white","S",202.131,"Freire"
2005,"white","SE",257.09,"Freire"
2006,"brown","N",3106.335,"Freire"
2006,"brown","NE",1985.834,"Freire"
2006,"pink","S",2274.5,"Freire"
2006,"seabob","N",2176.919,"Freire"
2006,"seabob","NE",6178.579,"Freire"
2006,"seabob","S",2359.693,"Freire"
2006,"seabob","SE",3504.47,"Freire"
2006,"white","N",2670.496,"Freire"
2006,"white","NE",2306.19,"Freire"
2006,"white","S",215.868,"Freire"
2006,"white","SE",234.65,"Freire"
2007,"brown","N",2632.508,"Freire"
2007,"brown","NE",1885.923,"Freire"
2007,"pink","S",3866.692,"Freire"
2007,"seabob","N",2259.735,"Freire"
2007,"seabob","NE",6519.78,"Freire"
2007,"seabob","S",3035.549,"Freire"
2007,"seabob","SE",3245.9,"Freire"
2007,"white","N",2827.757,"Freire"
2007,"white","NE",2238.725,"Freire"
2007,"white","S",248.896,"Freire"
2007,"white","SE",226.81,"Freire"
2008,"brown","N",3489.583,"Freire"
2008,"brown","NE",1926.669,"Freire"
2008,"pink","S",1734.872,"Freire"
2008,"seabob","N",2190.444,"Freire"
2008,"seabob","NE",6082.97,"Freire"
2008,"seabob","S",2219.193,"Freire"
2008,"seabob","SE",4925.994,"Freire"
2008,"white","N",2720.326,"Freire"
2008,"white","NE",2179.378,"Freire"
2008,"white","S",209.632,"Freire"
2008,"white","SE",188.39,"Freire"
2009,"brown","N",3552.79,"Freire"
2009,"brown","NE",1840.978,"Freire"
2009,"pink","S",828.36,"Freire"
2009,"seabob","N",2240.197,"Freire"
2009,"seabob","NE",5791.354,"Freire"
2009,"seabob","S",2318.064,"Freire"
2009,"seabob","SE",4242.791,"Freire"
2009,"white","N",2740.964,"Freire"
2009,"white","NE",2026.233,"Freire"
2009,"white","S",224.89,"Freire"
2009,"white","SE",404.88,"Freire"
2010,"brown","N",3203.398,"Freire"
2010,"brown","NE",1691.724,"Freire"
2010,"pink","S",2142.103,"Freire"
2010,"seabob","N",2230.125,"Freire"
2010,"seabob","NE",5786.694,"Freire"
2010,"seabob","S",3274.585,"Freire"
2010,"seabob","SE",5226.959,"Freire"
2010,"white","N",2763.015,"Freire"
2010,"white","NE",1897.258,"Freire"
2010,"white","S",220.216,"Freire"
2010,"white","SE",404.684,"Freire"
2011,"brown","N",3415.257,"Freire"
2011,"brown","NE",1666.393,"Freire"
2011,"pink","S",1112.918,"Freire"
2011,"seabob","N",2220.255,"Freire"
2011,"seabob","NE",5821.116,"Freire"
2011,"seabob","S",2538.172,"Freire"
2011,"seabob","SE",5658.301,"Freire"
2011,"white","N",2741.436,"Freire"
2011,"white","NE",1863.316,"Freire"
2011,"white","S",218.157,"Freire"
2011,"white","SE",149.355,"Freire"
2012,"brown","N",3390.482,"Freire"
2012,"brown","NE",1408.983,"Freire"
2012,"pink","S",1361.127,"Freire"
2012,"seabob","N",2230.193,"Freire"
2012,"seabob","NE",5534.57,"Freire"
2012,"seabob","S",2060.095,"Freire"
2012,"seabob","SE",4824.909,"Freire"
2012,"white","N",2748.472,"Freire"
2012,"white","NE",1664.436,"Freire"
2012,"white","S",189.207,"Freire"
2012,"white","SE",126.669,"Freire"
2013,"brown","N",3338.557,"Freire"
2013,"brown","NE",1208.763,"Freire"
2013,"pink","S",1538.716,"Freire"
2013,"seabob","N",2226.858,"Freire"
2013,"seabob","NE",5118.357,"Freire"
2013,"seabob","S",2834.214,"Freire"
2013,"seabob","SE",3673.902,"Freire"
2013,"white","N",2750.974,"Freire"
2013,"white","NE",1548.19,"Freire"
2013,"white","S",242.865,"Freire"
2013,"white","SE",215.849,"Freire"
2014,"brown","N",3381.431,"Freire"
2014,"brown","NE",1553.326,"Freire"
2014,"pink","S",1337.587,"Freire"
2014,"seabob","N",2225.769,"Freire"
2014,"seabob","NE",5927.056,"Freire"
2014,"seabob","S",2684.71,"Freire"
2014,"seabob","SE",3663.058,"Freire"
2014,"white","N",2746.961,"Freire"
2014,"white","NE",1819.228,"Freire"
2014,"white","S",174.386,"Freire"
2014,"white","SE",202.564,"Freire"
2015,"brown","N",3370.157,"Freire"
2015,"brown","NE",1540.911,"Freire"
2015,"pink","S",1412.477,"Freire"
2015,"seabob","N",2227.607,"Freire"
2015,"seabob","NE",5635.165,"Freire"
2015,"seabob","S",2947.478,"Freire"
2015,"seabob","SE",3112.477,"Freire"
2015,"white","N",2748.802,"Freire"
2015,"white","NE",1696.568,"Freire"
2015,"white","S",254.291,"Freire"
2015,"white","SE",160.276,"Freire"
